{"cameraMode":{"drawMode":0,"name":"Shaded","section":"Shading Mode"},"sceneLighting":false,"audioPlay":false,"sceneViewState":{"m_AlwaysRefresh":false,"showFog":true,"showSkybox":false,"showFlares":true,"showImageEffects":true,"showParticleSystems":true,"showVisualEffectGraphs":true,"m_FxEnabled":true},"in2DMode":false,"pivot":{"x":-4.658512592315674,"y":22.863813400268556,"z":0.19839608669281007},"rotation":{"x":-0.056059278547763827,"y":0.01917547918856144,"z":-0.0010806816862896085,"w":-0.9982658624649048},"size":0.866025447845459,"orthographic":false}