{"cameraMode":{"drawMode":0,"name":"Shaded","section":"Shading Mode"},"sceneLighting":false,"audioPlay":false,"sceneViewState":{"m_AlwaysRefresh":false,"showFog":true,"showSkybox":false,"showFlares":true,"showImageEffects":true,"showParticleSystems":true,"showVisualEffectGraphs":true,"m_FxEnabled":true},"in2DMode":false,"pivot":{"x":-14.499334335327149,"y":2.8056094646453859,"z":-0.14330624043941499},"rotation":{"x":0.01899874396622181,"y":-0.14377669990062715,"z":0.002758946968242526,"w":0.9894384741783142},"size":3.5845565795898439,"orthographic":false}