{"cameraMode":{"drawMode":0,"name":"Shaded","section":"Shading Mode"},"sceneLighting":false,"audioPlay":false,"sceneViewState":{"m_AlwaysRefresh":false,"showFog":true,"showSkybox":false,"showFlares":true,"showImageEffects":true,"showParticleSystems":true,"showVisualEffectGraphs":true,"m_FxEnabled":true},"in2DMode":false,"pivot":{"x":-3.383429765701294,"y":2.6751582622528078,"z":14.479125022888184},"rotation":{"x":-0.03648659586906433,"y":-0.23054592311382295,"z":-0.008634572848677636,"w":0.9723560214042664},"size":6.078017234802246,"orthographic":false}